num_qubits,num_repeats,time_taken
2,10,0.007204389572143555
2,100,0.07296195030212402
