num_qubits,num_repeats,time_taken
2,10,0.0030527830123901365
2,100,0.028139734268188478
