num_qubits,num_repeats,time_taken
1,10,0.005267572402954101
1,100,0.0061825990676879885
1,1000,0.008724141120910644
1,10000,0.04315869808197022
1,100000,0.3854328155517578
