num_qubits,num_repeats,time_taken
2,10,0.002917838096618652
2,100,0.026375126838684083
